{
    "commands": {
        "customPANEL": {
            "iconId": "cmd05Flat",
            "title": "Custom Panel",
            "description": "Test"
        }
    },
    "commandPlacements": {
        "placement-69b717c4-e9bd-45b6-8655-cd82dd75662c": {
            "id": "customPANEL",
            "uiAnchor": "aw_workarea_toolbar",
            "priority": 3501
        }
    },
    "actions": {
        "customPANELNewAction": {
            "actionType": "dialog",
            "inputData": {
                "options": {
                    "view": "customPANEL",
                    "parent": ".aw-layout-workarea",
                    "placement": "right",
                    "width": "SMALL",
                    "height": "FULL",
                    "push": true,
                    "isCloseVisible": false,
                    "subPanelContext": "{{commandContext}}"
                }
            }
        }
    },
    "commandHandlers": {
        "handler-606abfd4-52e8-4daf-b519-e1128588ee1a": {
            "id": "customPANEL",
            "activeWhen": {
                "condition": "conditions.true"
            },
            "action": "customPANELNewAction",
            "enableWhen": {
                "condition": "conditions.true"
            },
            "visibleWhen": {
                "condition": "conditions.true"
            }
        }
    },
    "conditions": {
        "iscondition": {
            "expression": "true"
        }
    }
}